type,similarity_after
emoji_insertion,0.8372549295425415
emoji_replacement,0.7191508829593658
unicode,1.000000011920929
whitespace,0.4198326379060745
